Variant,Functional_Effect
A1669S,No functional effect
A1708E,Strong functional effect
A1708V,Strong functional effect
A1752P,Strong functional effect
A1752V,Uncertain
A1789S,Low functional effect
A1823T,No functional effect
A1830T,Low functional effect
A1843P,Moderate functional effect
C1697R,Uncertain
C1787S,No functional effect
D1692N,Uncertain
D1692Y,Uncertain
D1733G,No functional effect
D1739E,Strong functional effect
D1739G,Strong functional effect
D1739V,Strong functional effect
D1739Y,Strong functional effect
D1778G,No functional effect
D1778N,No functional effect
D1778Y,No functional effect
D1818G,Uncertain
D1851E,No functional effect
E1682K,No functional effect
E1682V,No functional effect
E1794D,No functional effect
E1836K,Uncertain
F1662S,No functional effect
F1695L,No functional effect
F1734S,Uncertain
F1761S,Strong functional effect
G1656D,Moderate functional effect
G1706A,No functional effect
G1706E,Moderate functional effect
G1738E,Strong functional effect
G1738R,Strong functional effect
G1763V,Strong functional effect
G1788D,Uncertain
G1788V,Strong functional effect
G1803A,Uncertain
H1746N,Moderate functional effect
H1805P,No functional effect
I1766S,Strong functional effect
L1664P,No functional effect
L1764P,Strong functional effect
L1780P,Strong functional effect
L1844R,Uncertain
L1854P,Uncertain
M1652I,No functional effect
M1652T,No functional effect
M1663K,No functional effect
M1663L,Uncertain
M1689R,Strong functional effect
M1689T,Uncertain
M1775K,Strong functional effect
M1775R,Strong functional effect
M1783I,No functional effect
M1783L,No functional effect
M1783T,Uncertain
N1647K,No functional effect
N1730S,No functional effect
N1819S,No functional effect
P1749R,Strong functional effect
P1771L,No functional effect
P1771R,Low functional effect
P1806A,No functional effect
P1856S,No functional effect
P1859R,No functional effect
Q1785H,No functional effect
Q1811R,Uncertain
Q1826H,Uncertain
R1699L,Moderate functional effect
R1699Q,Strong functional effect
R1699W,Strong functional effect
R1726G,No functional effect
R1751P,Strong functional effect
R1751Q,Low functional effect
R1753T,Strong functional effect
R1835P,Uncertain
S1651F,No functional effect
S1655F,Moderate functional effect
S1715C,Uncertain
S1715N,Strong functional effect
S1715R,Strong functional effect
S1722F,Strong functional effect
S1841N,Strong functional effect
S1841R,Strong functional effect
T1685A,Strong functional effect
T1685I,Strong functional effect
T1691I,Strong functional effect
T1691K,Strong functional effect
T1700A,Strong functional effect
T1720A,No functional effect
T1773I,Uncertain
T1773S,Low functional effect
V1653M,Uncertain
V1665M,No functional effect
V1696L,Moderate functional effect
V1713A,Strong functional effect
V1714G,Strong functional effect
V1736A,Uncertain
V1736G,Strong functional effect
V1741G,Uncertain
V1804D,No functional effect
V1808A,No functional effect
V1809A,Uncertain
V1809F,Uncertain
V1810G,Uncertain
V1833M,Uncertain
V1838E,Strong functional effect
W1718C,Strong functional effect
W1718S,Strong functional effect
W1837C,Strong functional effect
W1837G,Moderate functional effect
W1837R,Strong functional effect
Y1853C,Strong functional effect
