Variants Group,DNA Change,Protein Change,Motif,Align-GVGD,IARC Class,BARD1 Binding,UbCH5a Binding,Ubiquitin Ligase Activity,Restoration of Radiation resistance,HDR,mESCs-Based Assays,Cisplatin Response,Small Colony Phenotype,Yeast Localization Phenotype,Single strand Annealing,Centrosome Number,HDR Rescue,Functional Effect,Pred Func
Validation Panel,c.53T>C,p.Met18Thr,Helical bundle N,C45,4,+,-,-,-,-,-,-,-,-,-,-,-,LOF,
Validation Panel,c.65T>C,p.Leu22Ser,Helical bundle N,C65,5,-,-,ND,ND,ND,ND,ND,ND,ND,ND,ND,+,-,LOF,
Validation Panel,c.110C>A,p.Thr37Lys,,C65,5,+,-,ND,ND,ND,ND,ND,ND,ND,ND,ND,-,ND,LOF,
Validation Panel,c.115T>C,p.Cys39Arg,Zn2+/SiteII,C65,5,-,-,-,ND,ND,ND,ND,ND,ND,ND,ND,-,ND,LOF,
Validation Panel,c.116G>A,p.Cys39Tyr,Zn2+/SiteII,C65,5,-,-,-,-,-,ND,ND,-,ND,-,-,-,-,LOF,
Validation Panel,c.122A>G,p.His41Arg,Zn2+/SiteII,C25,5,+,-,-,ND,-,ND,ND,ND,ND,-,-,+,-,LOF,
Validation Panel,c.130T>A,p.Cys44Ser,Zn2+/SiteI,C65,5,-,-,ND,ND,ND,ND,ND,ND,ND,ND,ND,-,-,LOF,
Validation Panel,c.131G>A,p.Cys44Tyr,Zn2+/SiteI,C65,5,-,-,ND,ND,ND,ND,ND,-,-,ND,ND,-,ND,LOF,
Validation Panel,c.131G>T,p.Cys44Phe,Zn2+/SiteI,C65,5,-,-,-,ND,-,ND,ND,ND,ND,-,-,-,-,LOF,
Validation Panel,c.133A>C,p.Lys45Gln,,C0,1,+,+,ND,ND,ND,+,ND,ND,ND,ND,ND,+,+,FUNC,
Validation Panel,c.181T>G,p.Cys61Gly,Zn2+/SiteII,C65,5,-,-,-,-,-,-,-,+,-,-,ND,-,-,LOF,
Validation Panel,c.191G>A,p.Cys64Tyr,Zn2+/SiteII,C65,5,-,-,-,ND,ND,ND,ND,ND,ND,ND,ND,-,ND,LOF,
Validation Panel,c.199G>T,p.Asp67Tyr,,C0,1,+,+,+,ND,+,+,+,ND,ND,+,ND,+,+,FUNC,
VUS,c.20_28del9,p.7-10delinsGln,,NA,NA,-,-,ND,ND,ND,ND,ND,ND,ND,ND,ND,ND,ND,ND,
VUS,c.43A>G,p.Ile15Val,Helical bundle N,C15,NA,-,+,ND,ND,ND,ND,ND,ND,ND,ND,ND,+,ND,FUNC,
VUS,c.44T>C,p.Ile15Thr,Helical bundle N,C65,NA,+,-,-,ND,ND,ND,ND,ND,ND,ND,ND,-,-,LOF,
VUS,c.53T>A,p.Met18Lys,Helical bundle N,C55,NA,-,-,-,ND,ND,ND,ND,ND,ND,ND,ND,-,ND,ND,
VUS,c.70T>C,p.Cys24Arg,Zn2+/SiteI,C65,NA,-,-,-,-,-,ND,ND,ND,ND,-,-,-,-,LOF,
VUS,c.79_80delTGinsGC,p.Cys27Ala,Zn2+/SiteI,C65,NA,-,-,ND,ND,-,ND,ND,ND,ND,ND,-,-,-,ND,
VUS,c.83T>C,p.Leu28Pro,,C65,NA,+,-,+/-,ND,ND,ND,ND,ND,ND,ND,ND,+,-,LOF,
VUS,c.93C>G,p.Ile31Met,,C0,NA,+,+,+,+,+,ND,ND,ND,ND,+,ND,+,+,FUNC,
VUS,c.100C>T,p.Pro34Ser,,C65,NA,-,-,ND,ND,ND,ND,ND,ND,ND,ND,ND,+,ND,LOF,
VUS,c.107C>A,p.Ser36Tyr,β-strand,C15,NA,+,-,ND,ND,ND,ND,ND,ND,ND,ND,ND,+,ND,ND,
VUS,c.110C>G,p.Thr37Arg,β-strand,C65,NA,-,-,-,-,-,ND,ND,ND,ND,-,+,-,-,LOF,
VUS,c.115T>G,p.Cys39Gly,Zn2+/SiteII,C65,NA,-,-,ND,ND,ND,ND,ND,ND,ND,ND,ND,-,-,LOF,
VUS,c.121_122delCAinsGC,p.His41Ala,Zn2+/SiteII,C65,NA,-,-,ND,ND,ND,ND,ND,ND,ND,ND,ND,+,ND,ND,
VUS,c.124A>G,p.Ile42Val,,C0,NA,+,+,+,+,+,ND,ND,ND,ND,+,-,+,+,FUNC,
VUS,c.139T>G,p.Cys47Gly,Zn2+/SiteI,C65,NA,-,-,-,ND,ND,ND,ND,ND,ND,ND,ND,-,-,LOF,
VUS,c.143T>G,p.Met48Arg,Central Helix,C35,NA,-,-,ND,ND,ND,ND,ND,ND,ND,ND,ND,-,-,LOF,
VUS,c.143T>A,p.Met48Lys,Central Helix,C45,NA,+,-,ND,ND,ND,ND,ND,ND,ND,ND,ND,+,ND,LOF,
VUS,c.190T>G,p.Cys64Gly,Zn2+/SiteII,C65,NA,-,-,-,ND,-,-,ND,ND,ND,-,ND,-,ND,LOF,
VUS,c.190T>C,p.Cys64Arg,Zn2+/SiteII,C65,NA,-,-,ND,ND,ND,ND,ND,ND,ND,ND,ND,-,ND,LOF,
VUS,c.206_207delinsTG,p.Thr69Met,,C65,NA,-,-,ND,ND,ND,ND,ND,ND,ND,ND,ND,+,ND,ND,
VUS,c.230C>T,p.Thr77Met,,C0,NA,+,+,-,ND,ND,ND,ND,ND,ND,ND,ND,+,ND,FUNC,
VUS,c.248T>G,p.Val83Gly,Helical bundle C,C0,NA,-,+,ND,ND,ND,ND,ND,ND,ND,ND,ND,+,ND,FUNC,
VUS,c.293G>T,p.Gly98Val,,C65,NA,+,-,ND,ND,ND,ND,ND,ND,ND,ND,ND,+,ND,LOF,
