Variant,HEK293T_TA_Activity_Percent,MDA_MB_231_TA_Activity_Percent,Risk_Category,Final_Classification
Wild_type,100,100,Control,Control
c.4956G>A,105,110,Low_risk,Benign_control
c.4964C>T,3.5,3.0,High_risk,Pathogenic_control
c.5075A>C,0.86,0.91,High_risk,Likely_pathogenic
c.5095C>T,12,14,High_risk,Pathogenic_control
c.5096G>A,16.1,19.9,Intermediate,Likely_pathogenic_moderate_penetrance
c.5100A>G,80,85,Low_risk,Likely_benign
c.5116G>A,0.5,0.8,High_risk,Likely_pathogenic
c.5123C>T,15.7,16.0,Intermediate,VUS
c.5125G>A,46,42,Low_risk,VUS
c.5131A>C,35,32,Intermediate,VUS
c.5252G>A,52,44,Low_risk,Benign_control
c.5309G>T,0.2,0.3,High_risk,Pathogenic_control
c.5326C>T,105,115,Low_risk,Likely_benign
c.5348T>C,32,28,Intermediate,Likely_benign
c.5411T>A,95,98,Low_risk,Benign_control
c.5477A>T,136,150,Low_risk,Likely_benign
c.5504G>A,85,88,Low_risk,VUS
c.5513T>G,0.1,0.2,High_risk,Likely_pathogenic
