Table S1. Target region design,,,,,,,,,,,,,,
Exon ,SGE target regions,Target region length (bp),Single guide RNA (sgRNA) used,Homologous arm (HA) length (bp),Upstream sequencing adaptor sequence (PU1F),Upstream linker sequence,SGE target region sequence,Downstream linker sequence,Downstream sequencing adaptor sequence (PU1R),PAM/Protospacer Protection Edit (PPE) mutation position - GRCh37(hg19),PPE nucleotide change,PPE mutation amino acid position,HDR marker mutation position GRCh37(hg19),HDR marker 3-nucleotide change
15,E15,202,TGTTTATGAGAACACGCAGA,1418,TTCAATTTTATTTTTGCTAAGTATTTAT,,TCTTTGATAGATTTAATTACAAGTCTTCAGAATGCCAGAGATATACAGGATATGCGAATTAAGAAGAAACAAAGGCAACGCGTCTTTCCACAGCCAGGCAGTCTGTATCTTGCAAAAACATCCACTCTGCCTCGAATCTCTCTGAAAGCAGCAGTAGGAGGCCAAGTTCCcTCTGCgTGTTCTCATAAACAGGTATGTGTTT,,GTCTACAATACTGATGGC,32930731,G>A,2534,32930520-32930522,TTT>AAC
16,E16,208,tttgtgtAGCTGTATACGTA,1523,gtttttcttttttgtgtgtg,ttta,ttttgtgtAGCTGTATACGTATGGCGTtTCTAAACATTGCATAAAAATTAACAGCAAAAATGCAGAGTCTTTTCAGTTTCACACTGAAGATTATTTTGGTAAGGAAAGTTTATGGACTGGAAAAGGAATACAGTTgGCTGATGGTGGATGGCTCATACCCTCCAATGATGGAAAgGCTGGAAAAGAAGAATTTTATAGGTACTCTATG,CAAAAA,GATTGTGTGTTAACTTTTATG,32931884,T>C,2541,32932145-32932147,CTA>GAT
17,E17,192,TCTGTGTGACACTCCAGGTG,1517,TCATCCTATGTGGTTTTTATG,ATAATATTCTACcTTT,ATTTGTTCAGGGCTCTGTGTGACACTCCAGGTGTgGATCCAAAGCTTATTTCTAGAATTTGGGTTTATAATCACTATAGATGGATCATATGGAAACTGGCAGCTATGGAATGTGCCTTTCCTAAGGAATTTGCTAATAGATGCCTAAGCCCAGAAAGgGTGCTTCTTCAACTAAAATACAGGCAAGTTTAAA,G,CATTACATTACGTAATCATATACG,32936684,G>C,2610,32936867-32936869,GCA>CGT
18,E18N,188,AATTGATAGAAGCAGAAGAT,1707,CACTTCCTAAAATATGCATTTTTG,TTT,TCACTTTTAGATATGATACGGAAATTGATAGAAGCAGAAGATCgGCTATAAAAAAGATAATGGAAAGGGATGACACAGCTGCAAAAACACTTGTTCTCTGTGTTTCTGACATAATTTCATTGAGCGCAAATATATCTGAAACTTCTAGCAATAAAACTAGTAGTGCAGATACCCAAAAAGTgGCCATT,ATT,GAACTTACAGATGGGTGG,32937349,G>C,2670,32937246-32937248,GTG>CAC
18,E18C,187,AGATGGGTGGTATGCTGTTA;TCTTCATGGAGCAGAACTGG;TGGGGCTTCAAGAGGTGTAC,1478,AACTAGTAGTGCAGATACCC,AAAAAGTgGCCATT,ATTGAACTTACAGATGGGTGGTATGCTGTTAAGGCcCAGTTAGATCCTCCCCTCTTAGCTGTCTTAAAGAATGGCAGACTGACAGTTGGTCAGAAGATTATTCTTCATGGAGCAGAACTGGTgGGCTCTCCTGATGCCTGTACACCTCTTGAAGCCCCAGAATCTCTTATGTTAAAGGTAAATTAAT,TT,GCACTCTTGGTAAAAATCAGTC,32937526;32937616;32937631,G>A;G>C;C>G,2729;2759;2764,32937246-32937248,GTG>CAC
19,E19,177,AGATTTCTGCTAACAGTACT,1818,GAATTGAATACATATTTAACTACTAAATC,AATATATTTATTA,ATTTGTCCAGATTTCTGCTAACAGTACTCGgCCTGCTCGCTGGTATACCAAACTTGGATTCTTTCCTGACCCTAGACCTTTTCCTCTGCCCTTATCATCGCTTTTCAGTGATGGAGGAAATGTTGGTTGTGTTGATGTAATTATTCAAAGAGCATAcCCTATACAGGTATGATGTAT,T,CTTGAAACTTACCATATATTTCTTTC,32944559,G>C,2784,32944415-32944417,CCT>GGC
20,E20,165,CATATTTCGCAATGAAAGAG,1462,TTTTTTGGTGTGTGTAACAC,,ATTATTACAGTGGATGGAgAAGACATCATCTGGATTATACATATTTCGCAATGAAAGAGAgGAAGAAAAGGAAGCAGCAAAATATGTGGAGGCCCAACAAAAGAGACTAGAAGCCTTATTCACTAAAATTCAGGAGGAATTTGAAGAACATGAAGGTAAAATTAG,TTATAT,GGTACACATTGTTATTTCTAA,32945143,G>A,2846,32945287-32945289,GTC>CAG
21,E21,142,CAAGTTCGTGCTTTGCAAGA;CTCTCACCTCAAGGTAAGCT,1496,ACAGTTTAGTGAATTAATAATCC,TTTT,GTTTTCTTAGAAAACACAACAAAACCATATTTACCATCACGTGCACTAACAAGACAGCAAGTTCGTGCTTTGCAAGATGGTGCAGAGCTTTATGAAGCAGTGAAGAATGCAGCAGAcCCAGCTTACCTTGAGGTGAGAGAGT,AA,GAGGACATATAATGAGGC,32950862;32950913,T>A;C>T,2896;2913,32950734-32950736,ATG>TAC
22,E22,219,TACAATACGCAACTTCCACA,1481,GCTTTTTATTCCAATATCTTAA,,ATGGTCACAGGGTTATTTCAGTGAAGAGCAGTTAAGAGCCTTGAATAATCACAGGCAAATGTTGAATGATAAGAAACAAGCTCAGATCCAGTTGGAAATTAGGAAGGCCATGGAATCTGCTGAACAAAAGGAACAAGGTTTATCAAGgGATGTCACAACCGTGTGGAAGTTGCGTATTGTAAGCTATTCaaaaaaagaaaaaGATTCAGGTAAGTATGT,,AAATGCTTTGTTTTTATCAG,32953603,C>G,2968,32953349-32953351,AGC>TCG
23,E23,184,aaCTCAgTATCAACAACTAC,1628,ATTGCATCTTTCTCATCTT,T,CTcCAAACAGTTATACTGAGTATTTGGCGTCCATCATCAGATTTATATTCTCTGTTAACAGAAGGAAAGAGATACAGAATTTATCATCTTGCAACTTCAAAATCTAAAAGTAAATCTGAAAGAGCTAACATACAGTTAGCAGCGACaaaaaaaaCTCAgTATCAACAACTACCGGTACAAACCT,TT,CATTGTAATTTTTCAGTTTTGA,32954045-32954047,CTA>TTG,3038,32953791-32953793,GAG>CTC
24,E24,159,ATTTCAGATTTACCAGCCAC,1828,GTTTATGGAATCTCCATATGTTG,AATTTTTGTTTTG,TTTTCTGTAGGTTTCAGATGAAATTTTaTTTCAGATTTACCAGCCACGGGAGCCCCTTCACTTCAGCAAATTTTTAGATCCAGACTTTCAGCCATCTTGTTCTGAGGTGGACCTAATAGGATTTGTCGTTTCTGTTGTGAAAAAAACAGGTAATGCACA,ATATA,GTTAAttttttttATTGATTCTTTTAAAAAACAT,32954182,G>C,3052,32954368-32954370,CAG>GTC
25,E25N,132,TTGCTGCAAGCAACCTCCAG,1587,GCATCTTAAAATTCATCTAACACATC,TATAATAACATTCttttcttttttt,tCCATTCTAGGACTTGCCCCTTTCGTcTATTTGTCAGACGAATGTTACAATTTACTGGCAATAAAGTTTTGGATAGACCTTAATGAGGACATTATTAAGCCTCATATGTTAATTGCTGCAAGCAACCTCCAG,TGGCGACCA,GAATCCAAATCAGGCCTTC,32968938,C>T,3123,32968698-32968700,CTA>GAC
25,E25C,133,CTCCAGCAAATAAAGTAAGA,1587,TGTTAATTGCTGCAAGCAAC,CTCCAG,TGGCGACCAGAATCCAAATCAGGCCTTCTTACTTTATTTGCTGGAGATTTTTCTGTGTTTTCtGCTAGTCCAAAAGAGGGCCACTTTCAAGAGACATTCAACAAAATGAAAAATACTGTTGAGGTAAGGTTAC,TTTTCAGCATCACcACACATTTTGGTATTTTTCTATTTT,GACAGTCCAGTATCAAGGAA,32968971,C>G,3134,32968698-32968700,CTA>GAC
26,E26,167,AGTACAGTCTTTAGTTGGGG;TACACTGCTCAAATCATTCC;GCTCAAATCATTCCTGGTAC,1598,TTATAAAGCAGCTTTTCCAC,TT,ATTTTCTTAGAATATTGACATACTTTGCAATGAAGCAGAAAACAAGCTTATGCATATACTGCATGCA,GTAAACTCAAgGAATATTATAA,GAAGTATATATGGAGGCCAT,32971109;32971151;32971154,C>G;A>G;C>A,3192;3206;3207,32971294-32971296,TGT>CCA